3,9,2021-01-25,2021-02-30
4,6,2021-01-22,2021-01-23
3,7,2021-02-22,2021-03-29
2,19,2021-02-26,2021-02-31
4,34,2021-01-23,2021-02-20
3,11,2021-01-26,2021-02-21
2,40,2021-01-23,2021-02-23
3,5,2020-07-26,2020-08-23
2,35,2020-07-13,2020-09-21
5,40,2020-07-25,2020-09-22
8,9,2020-07-26,2020-09-22
5,12,2020-07-25,2020-09-23
2,5,2020-08-23,2020-09-23
6,15,2020-09-23,2020-09-26
6,2,2020-09-21,2020-09-28
7,2,2020-10-21,2020-10-28
8,2,2020-11-21,2020-11-28
7,38,2020-07-26,2020-10-22
2,18,2020-09-23,2020-10-28
3,5,2020-11-23,2020-12-24
3,40,2020-11-23,2020-12-24
2,37,2021-02-11,
4,27,2021-02-22,
4,6,2021-01-25,
3,33,2021-01-30,
3,13,2021-01-04,
3,3,2020-09-13,
4,19,2020-09-21,
2,5,2020-12-15,
2,4,2020-12-01,
2,8,2020-12-30,
